SupplierID,SupplierName,ContactNumber,Address
1,Trunyx,610-625-8266,119 Wayridge Court
2,Voolith,119-481-6516,3903 Nevada Crossing
3,Kwideo,443-620-6177,490 Gerald Road
4,Edgeify,305-615-5854,46 Rockefeller Circle
5,Yombu,723-338-9495,42 Little Fleur Road
6,Eamia,280-402-1099,18120 Sutherland Avenue
7,Rhybox,462-527-2869,517 Pepper Wood Drive
8,Feedspan,600-157-5141,3226 Farragut Hill
9,Rhybox,728-794-4561,9359 Stephen Terrace
10,Einti,840-683-4543,9 Randy Avenue
11,Zooveo,850-608-6558,1 Drewry Parkway
12,Topicware,524-438-7453,241 La Follette Center
13,Kaymbo,573-657-3346,73165 Loftsgordon Lane
14,Topicstorm,586-971-3710,9132 Declaration Parkway
15,Kwimbee,871-726-3657,2802 Sycamore Crossing
16,Katz,672-276-9523,71381 Norway Maple Pass
17,Izio,150-342-4552,8443 Oriole Point
18,Eadel,862-701-6971,51 Heffernan Road
19,Shufflebeat,404-274-2666,1530 Stephen Point
20,Avaveo,281-701-0058,6285 Summer Ridge Plaza
