CustomerID,PharmacyName,OwnerName,Phone,Address
1,Oyonder,Robin Lowin,993-832-4318,3 Warbler Alley
2,Kazio,Loreen Mathie,322-349-9431,3084 Lakeland Hill
3,Jatri,Renault Bartolomieu,518-864-5410,1252 Green Pass
4,Photolist,York Chauvey,580-576-9319,1 Haas Trail
5,Dynava,Adena Bruhn,905-924-0081,903 Welch Point
6,Roodel,Ellary Beelby,713-487-7965,9 Hudson Street
7,Eazzy,Sibbie Blunt,631-961-7923,26625 Buena Vista Avenue
8,Twinder,Tabbie Petrushkevich,980-863-6735,71195 Clarendon Court
9,Yakidoo,Shanda Metcalfe,859-509-1161,70266 Garrison Terrace
10,Blogpad,Trip Sweetlove,558-584-5133,53 Hanover Way
11,Skalith,Bonnie Jacobssen,347-361-2948,927 Merry Court
12,Thoughtworks,Kenneth Muston,670-461-1362,95 Sherman Road
13,Gabtune,Husein McMillam,861-484-8977,9 Morning Road
14,Lazz,Gearalt Jopp,459-867-0910,8852 Messerschmidt Court
15,Voomm,Gustaf Codd,418-165-1451,02651 Manley Plaza
16,Voonyx,Hew Kovalski,539-348-1443,55 Red Cloud Way
17,Twiyo,Dela Ellicombe,218-450-0285,60409 John Wall Center
18,Photobug,Griz Leigh,766-564-1876,18 Hagan Point
19,Topdrive,Betti Storrar,225-232-3697,3129 Kinsman Street
20,Oyoyo,Terri Latus,393-991-3097,7 Southridge Drive
21,Nlounge,Sonnie Perview,689-404-6892,8421 Farmco Street
22,Yacero,Thane O' Gara,121-670-9435,8 Kim Avenue
23,Topicblab,Had Ebbutt,889-499-9270,52421 Randy Terrace
24,Kayveo,Jud Schach,766-259-0742,840 Oakridge Drive
25,Yotz,Talyah McKirdy,765-882-5494,687 Longview Crossing
26,Izio,Tracey Gawne,636-894-1723,3 Butterfield Terrace
27,Thoughtbeat,Kayle Iglesia,412-819-9031,429 Stang Crossing
28,Agivu,Uri McNea,441-192-9450,07 Sycamore Hill
29,Photojam,Lionello Kubista,942-287-4991,08502 Dakota Road
30,Skivee,Nahum Blencoe,331-782-3299,80 Mallard Center
31,Buzzdog,Violante Kettlewell,748-799-2637,94672 Red Cloud Drive
32,Vimbo,Glen Aloshechkin,908-536-1362,093 Gulseth Avenue
33,Fiveclub,Brittney Goodbody,718-938-7073,624 Linden Court
34,Topdrive,Nevsa Hewlings,122-979-7519,97100 Gerald Court
35,Quire,Si Cowdray,375-292-4177,93 Cordelia Trail
36,Youspan,Annalise Attawell,842-143-6358,78 Milwaukee Parkway
37,Flipstorm,Franciskus Walework,930-675-0912,394 Fairview Avenue
38,Zooxo,Karla Tuckett,765-509-8172,9878 Comanche Junction
39,Fanoodle,Linn MacCallister,470-411-1753,65 Grayhawk Terrace
40,Devcast,Magda MacCague,880-190-9631,562 Tennyson Pass
41,Skiba,Staford Panks,432-313-4586,865 Washington Hill
42,Wikibox,Mildred Harbottle,727-979-1386,073 Myrtle Court
43,Thoughtbridge,Juana Elverstone,356-412-2157,020 Barby Park
44,Latz,Corbett Carnalan,545-581-3812,12475 Anderson Crossing
45,Photospace,Thorsten Stalman,712-965-9755,154 Bunting Lane
46,Yamia,Joey Dawidowsky,563-641-8335,4874 Banding Terrace
47,Youopia,Benny Cookney,982-885-6098,5764 Lakeland Street
48,Tekfly,Homere Given,916-108-7588,107 Harbort Junction
49,Thoughtbridge,Gilli Scarbarrow,869-374-3935,1721 Fuller Lane
50,Lazzy,Gizela Brisbane,398-730-2664,74 Anniversary Way
51,Plajo,Anastassia Taylder,428-109-9837,38449 Macpherson Pass
52,Tagcat,Annabell Brockbank,941-702-3854,39051 Harbort Place
53,Mynte,Mona Fenlon,934-269-7210,61308 Atwood Hill
54,Devshare,Katy Davidofski,531-322-3455,9505 6th Court
55,Mymm,Conrade Redmond,263-134-3715,55618 Morning Drive
56,Viva,Clarey Busfield,347-209-9498,2 Surrey Street
57,Voonyx,Kennie Maasz,326-164-2553,408 Sugar Center
58,Yambee,Sheffield Eggleson,120-465-3835,81657 Clove Road
59,Dablist,Emelda Bastistini,213-264-2092,73312 Hanson Pass
60,Devshare,Gaynor Alldre,871-903-1722,16 Sheridan Plaza
61,Lajo,Hendrick Sreenan,645-327-6532,244 Bluejay Street
